label,text,source_url
analysis,"Has more goals per game, more goals per 90. Significantly fewer shots taken per goal. More goals inside the box, and outside the box.

Massively better at being above their xG (of the seasons where we have the data). Cristiano is at -0.8 np:G-xG (fbref) or +4.54 (understat) in All competitions. Messi is at +35.6/+33.11 (fbref/understat) excluding the MLS because it goes up to +50.7 lol.

Cristiano's best in a year in any comp is +3.1, and Messi's +12.1 and has many over 3.1.

The caveat is this doesn't include their best years for either, since data starts in 2014 or 2016/17 depending on the source.
Which it means it doesn't include this which is one of the most ridiculous stats ever. He scored 2.39 goals per xG, he scored [42 goals from 17.6 xG] ( https://blogarchive.statsbomb.com/news/messi-data-biography-analysis-and-data-release-2012-13-to-2015-16/ ), that is a +24 difference.
Also, we have this that covers until 2014: https://fivethirtyeight.com/features/lionel-messi-is-impossible/ , better inside the 6 yard box, penalty box, outside...

So while there isn't one exact source that covers it all, it's all out there.

When you look into it (as if the eye test wasn't enough), no, they aren't even remotely equal as goal scorers.",https://www.reddit.com/r/soccer/comments/1onggjs/cristiano_ronaldo_is_messi_better_than_me_i_dont/?sort=top
analysis,"And that is not even taking titles into account. The only place where Ronaldo have small leg up on number of titles is UCL. Any other, like domestic cup and league, Messi pretty much a strong lead. Even 6 vs 2 in La liga when they competed head to head. Same story with NT titles with of course the WC win.

Ronaldo wining a WC would only close the gap partly on the title front.",https://www.reddit.com/r/soccer/comments/1onggjs/cristiano_ronaldo_is_messi_better_than_me_i_dont/?sort=top
analysis,"Messi was better in my opinion as he controlled games completely rather than just finished them. Messi could finish, assist, and progress the ball forward while drawing numbers towards him like no other. Messi didn’t need the ball to reach the final third or the wings in order for him to be effective. His overall effect on a game was unlike anything else.

Ronaldo was phenomenal, but to say he’s on the same level as Messi is wrong in my opinion.",https://www.reddit.com/r/soccer/comments/1onggjs/cristiano_ronaldo_is_messi_better_than_me_i_dont/?sort=top
analysis,"I genuinely think this is just a cop out.

Messi is better and I don't think it's debatable.

In UCL, CR7 is the King but everywhere else Messi is better in every aspect.

I know it's crazy to say but I think Messi gets under rated sometimes.

You can say CR7 is the greatest goal scorer ever but Messi was almost always outscoring him while also being just about the best playmaker of all time when you consider all passing and assists and ball progression etc.

I was always a bigger fan of Ronaldo but Messi was simply better and I think everyone deep down knows that.

This isn't a hit on cr7 in any way - all time great and still going but Messi isn't human.",https://www.reddit.com/r/soccer/comments/1onggjs/cristiano_ronaldo_is_messi_better_than_me_i_dont/?sort=top
analysis,"The numbers don't support that Ronaldo is a better goal scorer. Messi is objectively the better goal scorer by a large margin if you look at any per game ratio. People say this to keep the debate going, because Messi is simultaneously the goat in passing, free kicks, dribbling and has won every trophy.
For me, the eye test is just as important. Ronaldo consistently has made me go 'wow' throughout his career, but Messi has consistently made me ask 'how?', the things Messi does sometimes don't make sense. Messi is magical",https://www.reddit.com/r/soccer/comments/1onggjs/cristiano_ronaldo_is_messi_better_than_me_i_dont/?sort=top
analysis,"Of course Cristiano will think that.

It's not like this is some random pro footballer making that claim.
Cristiano is a 5 time UCL winner, being a 7 time top scorer there. 5 time Ballon d'Or winner, a Euro Cup winner. Having numerous championships and top scorer titles in numerous top leagues. He's on his way to become the first player to reach 1000 goals.

Do I think he was better than Messi? No. But if there's one person who I think it's fair to claim he was better than Messi, it's Cristiano.",https://www.reddit.com/r/soccer/comments/1onggjs/cristiano_ronaldo_is_messi_better_than_me_i_dont/?sort=top
analysis,"I mean fine. But I’d like to hear the reasoning. Less goals outside the box. Less free kicks scored with more than 100 more attempts. Less knockout goals.1100 more shots with 163 more apps and only 60 more goals.

And the goal scoring is supposed to be the metric that sets him apart. We can’t even talk about dribbling and passing",https://www.reddit.com/r/soccer/comments/1onggjs/cristiano_ronaldo_is_messi_better_than_me_i_dont/?sort=top
analysis,"I think Ronaldo was the best player ever at what he did (scoring goals, with Messi as a close second with only a hair's bratu away from him. While Messi was also the best player at what he did (dribbling, passing, progressing the game), and Ronaldo was nowhere near being the 2nd best in that. Messi was a more complete player. He was right next to Ronaldo in scoring goals and killing off games, but Ronaldo was nowhere near Messi at passing and assisting brilliance and actually progressing the game.",https://www.reddit.com/r/soccer/comments/1onggjs/cristiano_ronaldo_is_messi_better_than_me_i_dont/?sort=top
analysis,"This debate is way more fun when you just take each player at face value.

Messi looks like he was touched by the divine. Watch his highlights from when he was ten it’s the same magic you see in Miami today. He’s been that player his entire life.
Ronaldo, on the other hand, was also blessed just in a different way. His gift isn’t only talent, it’s obsession. He reinvented himself again and again, changing his entire playing style to stay at the top, and somehow, he’s still there. Think about it him and Sané weren’t worlds apart at 18, yet one became Ronaldo, and the other stayed Sané.
We’re lucky to have lived through a timeline where these two went head-to-head at rival clubs, both at their peaks. Beyond Pelé and Maradona, they stand as two of the true GOATs of this beautiful game.

P.S. Yes, Messi worked insanely hard too. That’s just not the point I’m making here.",https://www.reddit.com/r/soccer/comments/1onggjs/cristiano_ronaldo_is_messi_better_than_me_i_dont/?sort=top
analysis,I don't understand how winning a 7 game tournament no matter the prestige can definitely make one player better than the other when they both have over 1000 games. both messi and ronaldo have had 7 game streaks where they've played way better than Messi's world cup run. Imo winning a trophy with around 20 over people does not make messi better than ronaldo. he must of always been better which is a better argument than the GOAT debate ended after the WC,https://www.reddit.com/r/football/comments/1bs79a6/how_does_messi_winning_the_world_cup_make_him_the/?sort=top
analysis,"It doesn't, he's the goat because he's a better player. But Ronaldo fans after the Euros gassed up the value of winning an international trophy. The reason Messi won the debate for some was because winning the world cup fit the parameters set by Ronaldo fans back in 2016 and surpassed it.",https://www.reddit.com/r/football/comments/1bs79a6/how_does_messi_winning_the_world_cup_make_him_the/?sort=top
analysis,"I think from 2015 to before Ronaldo went to Juve was Ronaldo’s golden era. Winning Portugal’s two first international trophies, winning the UCL 3 peat and absolutely dominating that competition, whereas Messi and Barca were going through a really rough patch leading to Messi being sold off.
Overall if you were to compare their careers side by side then Messi comes out on top, but in different stages of their career one was on top of the other. I’m someone who has watched both players plays since they started playing professionally, and at different periods one always came out on top. Many Messi fans think Messi was always the goat, every single season, and Ronaldo fans think the same. The only people who win are both Messi and Ronaldo, their clubs and the media.",https://www.reddit.com/r/football/comments/1bs79a6/how_does_messi_winning_the_world_cup_make_him_the/?sort=top
analysis,"When was it ever a debate? The debate was created by the media, in reality there has never been a doubt. Stats shouldn't even matter but because C. Ronaldo fans only speak about stats just look at them properly: https://www.messivsronaldo.app/ Messi beats Ronaldo in EVERY aspect and competition, the only place where Ronaldo beats Messi is in goals scored for the national team (1 every 131 mins against 147 mins), and the Europa League obviously! Even in the UCL, which has always been Ronaldo selling argument, Messi has better stats, he just played less games due to being younger.",https://www.reddit.com/r/football/comments/zlmyuc/its_done_the_goat_debate_is_over_messi_is_the/?sort=top
analysis,"Ronaldo scored more goals and got 1 less assist than Messi in 2013.

Bit of an odd point of reference but how you view football is up to and I'm not going to take away who you prefer is a footballer because it really doesn't matter.",https://www.reddit.com/r/football/comments/zlmyuc/its_done_the_goat_debate_is_over_messi_is_the/?sort=top
analysis,"I meant 11/12 season and 12/13 season.
Messi was battling injury iirc correctly in both early 2013 and parts of the 13/14 season. Which is why he only started 28 la liga games in 12/13 and 29 in 13/14. When he'd started 36 in 11/12 and 37 in 14/15.",https://www.reddit.com/r/football/comments/zlmyuc/its_done_the_goat_debate_is_over_messi_is_the/?sort=top
analysis,"12/13 entails the first half of 2013.

Ronaldo won the balon'dor (not saying the balon'dor is the purest metric to judge a player) for the 12/13 season.",https://www.reddit.com/r/football/comments/zlmyuc/its_done_the_goat_debate_is_over_messi_is_the/?sort=top
analysis,This means if you use this tournament to decide which is better of the two at this stage of their careers then it's either clueless or fickle. Ronaldo and Messi have already done their best work. I prefer Ronaldo but both of them are studies that I've learnt from whilst playing football myself. Ronaldo has the best off the ball intelligence of any player I've ever seen and Messi is inhuman when he dribbles with the ball (his lower centre of gravity due to his height helps).,https://www.reddit.com/r/football/comments/zlmyuc/its_done_the_goat_debate_is_over_messi_is_the/?sort=top
analysis,"Okay? And Ronaldo played in the same league for *nearly as long. Not much of an argument. And you say that as if they didn't both also have incredible international stats/impact, nor score when it mattered most. Messi and Ronaldo both scored plenty against top prem teams, and every other top team in the UEFA running every year. Plus against each others' outrageously talented teams as well as Atletico who are always just one pinky toe from being top-dog.
That doesn't even make sense to say La Liga is a joke league, when time after time Messi (and Ronaldo) proved their talent outside of La Liga.
Your opinion isn't really unpopular so much as just dumb.",https://www.reddit.com/r/football/comments/161r51b/unpopular_opinion_messi_had_the_better/?sort=top
analysis,"The reason I disagree with you is this. When Messi played for Barcelona, plays for Argentina, and now Inter Miami (if you want to take that into consideration, fine if you don't), Messi is involved in some way in 80-85% of the scoring. He may not be the finisher, assister, or make the key pass before the assist, but he sets up the play that ends in a goal. A fine example of this is Di Maria's goal in the final of the World Cup.
If you look back, it's rare to see a goal for Barca or Argentina that he did not make happen in some way. That is impact.
The other way he has surpassed CR7, if you want to take this into consideration, is as a leader. As captain of Barcelona and Argentina, the players adored him and wanted to do everything they could to play well with him. Throughout the games, he is checking the other players' positioning and helping them. He is an additional coach sharing his vision and football intelligence.
The players at both Barcelona and Argentina also say he makes sure the teams don't have a sense hierarchy, that everyone feels equal and important. He inspired such good things in his teammates, and made things harmonious. CR7 is a great leader as well, and of a different style. But the devotion that Messi seems to earn and inspire is rare.
Lastly, just look at how Inter Miami plays with him there. He took a last-place team right to a trophy in a few weeks. How can a player make a bigger impact on his team than that?",https://www.reddit.com/r/football/comments/161r51b/unpopular_opinion_messi_had_the_better/?sort=top
analysis,"I don't agree with your second point. Messi is a good leader, but you really can't say that he's better than cr7 at it on the national team

Generally, Messi's coaches are more flexible than Ronaldo, considering how demanding Ronaldo is of his team.
Players looking up to Messi is cause they heard about him while growing up, know he's a legend and are starstruck boys. Messi is portrayed as a god.
Ronaldo doesn't get as much respect from the management. Sure, many of Ronaldo's teammates grew up hearing about him as a human, but a goddamn insane one. This only amplifies in the dressing room, and their admiration turns to envy often, and they want to perform better. The same thing may happen to Messi, but it happens quite rarely in his case, cause he seems unreachable.
So as a leader, both are equally good. It's just that cr7's boys tend to be rebellious and have the urge to be better, while Messi's boys tend to be cooperative and form a team centred around him, which often turns out to be good.",https://www.reddit.com/r/football/comments/161r51b/unpopular_opinion_messi_had_the_better/?sort=top
analysis,"Of course Messi is better at the international level, he’s been to wayyy more finals 5 compared to 2, and cr7 made one final in 2004 when he was barely a starter. So realistically he made 1 finals as the top guy (not counting nations league cos who would) Messi is a far greater leader at the international level. Can rally his players more than Ronaldo and they’ll literally die for him. Ronaldo has the respect of the Portuguese team but he’s not the all round package that Messi is",https://www.reddit.com/r/football/comments/161r51b/unpopular_opinion_messi_had_the_better/?sort=top
analysis,"For me, he’s the better athlete, better at headers, and I suppose better at off ball movement in attack (though I could argue that’s due to role in their respective teams), but at every other metric including intangibles, messi is superior.

I’m genuinely curious and would like to have a discussion, even if I disagree. This isn’t a “gotcha” comment.",https://www.reddit.com/r/football/comments/161r51b/unpopular_opinion_messi_had_the_better/?sort=top
analysis,"So one more UCL puts CR7 over Messi? What about Messi’s World Cup, or two Ballon D’ors he has over CR7? Or are those “rigged”?",https://www.reddit.com/r/football/comments/161r51b/unpopular_opinion_messi_had_the_better/?sort=top
analysis,"Impact on the team:

  1. Messi has won MOTM in 52% of all matches he has played.

  2. He scores or assists a goal every game based on his g/a p90.

  3. He has the most goals scored in finals.

  4. His team tends to perform worse without him compared to when a team doesn’t have Ronaldo. ( Without messi the team scores lesser goals, this is statistically proven)
  5. Ronaldo since he left Madrid has won almost nothing significant except the serie a. While Madrid has won 2 UCLs and 3 league titles. On the contrast when messi left barca, they were stranded at 8th until koeman left the club.

  6. Better statistics. Better finisher( shot conversion rate, overperforms XG), better passer, better playmaker, better dribbler.

Ronaldo doesn’t come close to messi’s quality. Only reason we discuss shit about messi vs ronaldo is his goalscoring ability.",https://www.reddit.com/r/football/comments/161r51b/unpopular_opinion_messi_had_the_better/?sort=top
analysis,"But it is? Messi has OBJECTIVELY better stats. Both in terms of goals and assists.
Messi has OBJECTIVELY more trophies. Both on a team level and Individual level

Only argument that is subjective is the eye test, which most people agree Messi takes. His nickname is literally “the magician” or “wizard” for doing things that are seemingly impossible.",https://www.reddit.com/r/football/comments/161r51b/unpopular_opinion_messi_had_the_better/?sort=top
analysis,"I think it's a case of brute vs brains. If you mean athleticism wise, then Rolando might be considered the best player but football's not just how fast you can run and how hard you can kick it's about building strategies and working with your team well. I don't think we've seen any evidence Ronaldo can do that.",https://www.reddit.com/r/football/comments/161r51b/unpopular_opinion_messi_had_the_better/?sort=top
analysis,"I have a question, lets say FIFA was with Messi, what does that have to do with the stats? How is Messi so statistically supiroir than Ronaldo? Thats personal skill, not FIFA",https://www.reddit.com/r/football/comments/161r51b/unpopular_opinion_messi_had_the_better/?sort=top
analysis,"when fifa gifts you penalties in world cup, you get world cup KO goals in your stats. Its funny that messi fans troll ronaldo for not having the same, Don't you think?messi still doesn't have a world cup hattrick so there's that.",https://www.reddit.com/r/football/comments/161r51b/unpopular_opinion_messi_had_the_better/?sort=top
analysis,"As a Ronaldo fan I think most of us agree on it. Its just that haters claim that C.Ronaldo isnt even 2nd best which is where the problem arise. For me I dont think at their prime anyone is better than Messi or Ronaldo and most of us think Prime Messi and Prime Ronaldo is the closest you can get to a perfect footballer in their respective positions. While Messi is definitely better I dont understand why haters have an issue with Ronaldo being 2nd which shouldn't be a hot opinion.
Heck I have seen people claiming Prime Ney is better than Prime CR7 and even Neymar fans disagree to this",https://www.reddit.com/r/soccer/comments/1u88gb2/ronaldo_naz%C3%A1rio_its_time_for_the_world_to_stop/?sort=top
analysis,"I'm a huge Ronaldo fan, and up until around 2020/2021, I always considered Ronaldo the GOAT. My main arguments were his achievements with the national team and the fact that he proved himself as the best player in multiple leagues — something I felt Messi slacked on, with failed finals in both Copa America and the World Cup.
However, when Messi won the Copa América in 2021 and then the World Cup in 2022 (while being one of Argentina's most important players obviously), I think that was the moment it changed for me. He already had the individual achievements and club success, but adding the World Cup — the biggest achievement in football — completed his international legacy.
The thing I struggle with is that many people refuse to acknowledge that Ronaldo is the clear number two. What Messi and Ronaldo have achieved over the last 20 years is something I don't think players like Maradona, Pelé, Zidane, or R9 even come close to matching. The level of competition today is much higher, and the numbers, consistency, and longevity that both Messi and Ronaldo have shown speak for themselves.",https://www.reddit.com/r/soccer/comments/1u88gb2/ronaldo_naz%C3%A1rio_its_time_for_the_world_to_stop/?sort=top
hot_take,It was over in 2012 in terms of footballing ability that purists could appreciate. Over in 2022 when it came to the narrative. And over now just in terms of him being able to do the stuff he is doing at 38.,https://www.reddit.com/r/soccer/comments/1u88gb2/ronaldo_naz%C3%A1rio_its_time_for_the_world_to_stop/?sort=top
analysis,"2019 Messi was kind of the final nail in it for me. Very little Ronaldo could’ve done after that to convince others was a he was better a player than him. Ronaldo could’ve ended with the better career had the national tournaments gone his way but now at the age of 41 I cannot see him doing anything like Qatar.

Stupid media driven debate because they were on rival teams for years, I get it. But the actual answer is very obvious to anyone who isn’t a United or Madrid fan (a lot of people to be honest)",https://www.reddit.com/r/soccer/comments/1u88gb2/ronaldo_naz%C3%A1rio_its_time_for_the_world_to_stop/?sort=top
analysis,"Yesterday was such GOAT shit. What a display of brilliance.
Honestly, Ronaldo could very reasonably get a hattrick today as well, but Messi also does it in style and while participating in the overall play of the team. Ronaldo is about to park his ass up top and wait for the team to come to him.

Yea, Argentina clearly plays for Messi, but they all do it happily, and Messi also plays for the team as well. Ron wants Portugal to play for him, while he only plays for himself.
And after the games, Messi just quietly hangs out with his friends and family. Ronaldo will go boast or whine to the media. Messi moved to Miami with all his friends and is quiet. Ronaldo moved to the middle east alone and is loud AF.

Yea, Ronaldo is great. It's been an absolute privilege to watch him demolish his opponents as well. Mr CL. The 3-peat. BBC. It's been amazing. But sorry. The GOAT debate is over, and his attitude about everything just makes it all worse.
Honestly, I hope Portugal goes far. I'd like to see him do some Ronaldo shit to some good teams. But if Messi doesn't get to the semi finals, I'll be pretty bummed out. Hopefully they can both get a good send-off, because Messi is clearly done, and no one actually believes Ronaldo when he says he'll be around for the next World Cup.",https://www.reddit.com/r/soccer/comments/1u88gb2/ronaldo_naz%C3%A1rio_its_time_for_the_world_to_stop/?sort=top
hot_take,i personally think messi is a better footballer and ronaldo is a better athlete,https://www.bigsoccer.com/threads/messi-vs-ronaldo.2008262/
hot_take,in my opinion Ronaldo is better at the moment but if Messi wins the world cup in my opinion he will be the best player ever.,https://www.bigsoccer.com/threads/messi-vs-ronaldo.2008262/
hot_take,"i agree. messi is definitely the better footballer. smarter, more skilled, better teammate. ronaldo's a great athlete, but a tad bit whiny.",https://www.bigsoccer.com/threads/messi-vs-ronaldo.2008262/
hot_take,"Messi is a better player than Ronaldo and IMO the gap is quite clear.

 Messi is already a top 10 all time player, likely top 5 with an argument for best ever. Ronaldo is a great player but not top 10 ever. He was little better than Messi last season when Messi was injured but for the majority of the previous 5 years Messi has been his daddy.",https://www.bigsoccer.com/threads/messi-vs-ronaldo.2008262/
hot_take,cristiano ronaldo is better at the moment,https://www.bigsoccer.com/threads/messi-vs-ronaldo.2008262/
analysis,"I try an sort out characteristics of the players.

 faster: ronaldo
 quicker(agile): messi
 stronger: ronaldo
 Better header and higher jump: ronaldo
 better free kick: ronaldo
 better passer: messi
 better crosser: ronaldo
 better defender: ronaldo, only because he can defend on corners and is bigger
 better long shooter: ronaldo
 better finisher in the box: messi
 better pk taker: ronaldo

 ronaldo 8- messi 3

 ronaldo is the more complete player. all of messi's ballon d'or wins iniesta and xavi were in top 5, and when messi didnt win ballon d'or iniesta and xavi were farther down the list. I believe messi looks better because of his teammates. Where as no other real madrid broke the top 10 in voting except iker in the past 4ish years",https://www.bigsoccer.com/threads/messi-vs-ronaldo.2008262/
analysis,Ronaldo is a great player but shouldn't be compared to Messi as Messi is on a higher level than him. This is the best and most comprehensive list I've seen so far of the all time greats:,https://www.bigsoccer.com/threads/messi-vs-ronaldo.2008262/
hot_take,"Ronaldo is a great player (2nd best player of this generation) but shouldn't be compared to Messi as Messi is on a higher level than him. This is the best and most comprehensive list I've seen so far of the all time greats:

 http://xtrahistory.blogspot.com/2013/01/Greatest-Ever.html

 This blog was created by @Dearman in collaboration of other football historians.",https://www.bigsoccer.com/threads/messi-vs-ronaldo.2008262/
analysis,"Anybody who thinks either of them is miles ahead of the other should look more carefully.
 Anybody who thinks either of them is the best or the second best ever should do that too.",https://www.bigsoccer.com/threads/messi-vs-ronaldo.2008262/
analysis,"That has also to do with Spain's success though. Iniesta was actually injured quite a bit in 3 of the years Messi won ballon d'or, but because of what he did for Spain those years he got a lot of additional votes.

 In any event, Messi and Co. reached greater heights than Ronaldo and Co.

 You are talking as if Ronaldo accomplished the same with less talent around him which is not quite accurate. He accomplished less with less talent around him.",https://www.bigsoccer.com/threads/messi-vs-ronaldo.2008262/
analysis,"agree ...
 Together:
 Barca + Messi at best was a beautiful team to watch and they were very much invincible
 CR7 + Real at best were also close invincible, but less beautiful

 Individual
 Messi reached higher form in liga than CR7 (so far )
 Messi is also a bit more beautiful to watch than CR7",https://www.bigsoccer.com/threads/messi-vs-ronaldo.2008262/
analysis,"This is true. Messi's low center of gravity is an advantage for dribbling specifically in tight spaces. Ronaldo's heading ability is definitely better. Although, nobody give a fuk about defending in corners when rating attacking players. That's laughable. Also Madrid concede loads of corner goals. More than Barca over the last couple of years. So his impact is really irrelevant in that area.",https://www.bigsoccer.com/threads/messi-vs-ronaldo.2008262/
analysis,"I think they are both decent at crossing. Ronaldo's cross has more pace, Messi has good placement.",https://www.bigsoccer.com/threads/messi-vs-ronaldo.2008262/
analysis,"Messi is arguably the best player ever and certainly the best today.

Ronaldo is one of the best players ever and the 2nd best today.

Pretty simple.",https://www.redcafe.net/threads/messi-vs-ronaldo-2011-2012.337782/page-2
analysis,"Been saying for ages Ronaldo just isn't the same player to watch any more, still a great goalscorer (FK's/headers/finishing), but his general play is shocking in comparison to how deadly he used to be, i.e. 1 v 1 against defenders.. at his best only Ashley cole could tackle him, these days even Daniel Alves can defend against him comfortably.

Messi has bigger fish to fry, he's just a far more silkier footballer.",https://www.redcafe.net/threads/messi-vs-ronaldo-2011-2012.337782/page-2
analysis,"No. The only reason Messi had a better last season is due to that one wrongly given red card in the CL semi. He was doing nothing in that first leg until Pepe got sent off.

Now, Ronaldo still managed to score more than him last season, and I expect him to do so again this season.",https://www.redcafe.net/threads/messi-vs-ronaldo-2011-2012.337782/page-2
analysis,"By your logic goals are all that matter, and Messi keeps delivering on the big stage for Barcelona, and Ronaldo had another poor 2 games against them after having a whole summer to prepare and scoring plenty of goals against mediocre American sides. Why is that?",https://www.redcafe.net/threads/messi-vs-ronaldo-2011-2012.337782/page-2
analysis,Goals are all that matter when your role is to score goals.,https://www.redcafe.net/threads/messi-vs-ronaldo-2011-2012.337782/page-2
analysis,"I do feel once messi gets the balon dor at the end of the year for something that happened in 2022, that will thankfully bring it to a close.

Haaland could score 100 goals between now and Xmas and still wouldn’t win it",https://forums.digitalspy.com/discussion/2451201/the-end-of-the-messi-and-ronaldo-era
hot_take,"Honestly, CR7 and Messi are both superhuman. Asking who’s better doesn’t even make sense — they were both extraordinary, just in completely different ways. It’s not an apples-to-apples comparison since their roles weren’t even the same.",https://www.reddit.com/r/soccer/comments/1onggjs/cristiano_ronaldo_is_messi_better_than_me_i_dont/?sort=top
hot_take,"The fact that their roles were not the same is kinda what shuts the question lol, messi was as good as a goals scorer while being the best passer and dribbler in the world lol",https://www.reddit.com/r/soccer/comments/1onggjs/cristiano_ronaldo_is_messi_better_than_me_i_dont/?sort=top
analysis,"I think the opposite. Ronaldo would never have kept his drive if he thought he was already the greatest. The fact that he was always compared unfavorably to Messi is what kept him going even after cementing his status among legends of the game.
The ""rivalry"" between Messi and Ronaldo drove both players to greater heights, but I think it's plain to see that it meant more to Ronaldo than it did to Messi. That wouldn't have been the case if he unequivocally believed he was the greatest.",https://www.reddit.com/r/soccer/comments/1onggjs/cristiano_ronaldo_is_messi_better_than_me_i_dont/?sort=top
hot_take,"That's nonsense, if you look at tennis for example, nadal had no problem naming djokovic as the goat, even though they are closer in achievements (i guess thats somewhat arguable) than messi and ronaldo.
One needs to be confident to be at the very top, one doesn't need to be arrogant.",https://www.reddit.com/r/soccer/comments/1onggjs/cristiano_ronaldo_is_messi_better_than_me_i_dont/?sort=top
hot_take,"For me it's always Messi - but these 2 spent the majority of the last 20 years in a league of their own with no one ever really coming close to the level and especially the consistency they hit, I think we can all agree on that.",https://www.reddit.com/r/soccer/comments/1onggjs/cristiano_ronaldo_is_messi_better_than_me_i_dont/?sort=top
analysis,"It's interesting that this type of conversation tends to arise with CR7’s interviews, but seldom with Messi’s. Something to think about.",https://www.reddit.com/r/soccer/comments/1onggjs/cristiano_ronaldo_is_messi_better_than_me_i_dont/?sort=top
analysis,"To the people saying there’s no point comparing them, if one is better than the other, why lie about it? Messi is simply the better footballer. Numbers, eye test, individual trophies, team trophies, players, managers everything favors him.",https://www.reddit.com/r/soccer/comments/1onggjs/cristiano_ronaldo_is_messi_better_than_me_i_dont/?sort=top
hot_take,"If we watch what they both do on the pitch for 90 minutes, Messi is better. If we look at the stats, Messi is better. Trophies, accomplishments, records, Messi is better. All respect to Ronaldo, top 3 all time easily, but never the best. Also these interviews with Piers are really cringe, just stop it man",https://www.reddit.com/r/soccer/comments/1onggjs/cristiano_ronaldo_is_messi_better_than_me_i_dont/?sort=top
reaction,I think this conversation is dead at this point or it should be. The moment where it truly died for me was when Messi won the World Cup!,https://www.reddit.com/r/soccer/comments/1onggjs/cristiano_ronaldo_is_messi_better_than_me_i_dont/?sort=top
hot_take,"Always been amazed that this has ever been a debate because in my eyes it has never even been remotely close. Even when Madrid were winning their CL titles. Forget titles, accolades, stats, Messi was far and away the greater, more impactful player.",https://www.reddit.com/r/soccer/comments/1onggjs/cristiano_ronaldo_is_messi_better_than_me_i_dont/?sort=top
hot_take,"The debate was never really a debate. The media created it for clicks and views. And the Ronaldo fanboys clung on for dear life to this “debate”. Numbers, team trophies, individual trophies, and most importantly the eye test say Messi is the undisputed greatest of all time. And please, fragile Ronaldo fans, this is not disrespect to Ronaldo. #2 to an entire generation is no bad at all.",https://www.reddit.com/r/football/comments/zlmyuc/its_done_the_goat_debate_is_over_messi_is_the/?sort=top
analysis,"What's that even supposed to mean? Who else is relevant in the goat debate? Pele? Maradona ? Zidane? Ronaldinho? Zlatan? Pfff, as much as I loved the latter three in their peak careers, what Messi and Ronaldo have done throughout their careers outperforms absolutely everyone in the history of football, and as OP says, this WC shows us a Messi for Argentina we haven't really seen before, which has always been the argument against him in the goat debate.",https://www.reddit.com/r/football/comments/zlmyuc/its_done_the_goat_debate_is_over_messi_is_the/?sort=top
analysis,"Yes, perhaps it wasn’t clear but I am agreeing with that point. You can’t say Pele is greater than Messi or vice versa, because they played in very different eras, and their numbers and achievement are each so good that you can’t automatically say one is clearly better (eg: if Pele had scored “only” 100 goals in his career you could easily say Messi>Pele).

So I agree",https://www.reddit.com/r/football/comments/zlmyuc/its_done_the_goat_debate_is_over_messi_is_the/?sort=top
hot_take,"A debate can go on  indefinitely, regardless of facts or evidence. To people who know football, Messi is obviously the best. Preference is another matter, but people often confuse the two",https://www.reddit.com/r/soccer/comments/1u88gb2/ronaldo_naz%C3%A1rio_its_time_for_the_world_to_stop/?sort=top
analysis,"Tbf Ronaldistas had their moment in the sun from 16-18.

The Portuguese always ended up winning something big in May whereas Messi’s seasons ended poorly in terms of Bdor hopes",https://www.reddit.com/r/soccer/comments/1u88gb2/ronaldo_naz%C3%A1rio_its_time_for_the_world_to_stop/?sort=top
analysis,Nah it’s just that most of his detractors used lack of an international trophy then World Cup to deny hill being the GOAT,https://www.reddit.com/r/soccer/comments/1u88gb2/ronaldo_naz%C3%A1rio_its_time_for_the_world_to_stop/?sort=top
hot_take,"If R9 says it, it's over. One of the greatest WC players ever R9. Class recognizes class.",https://www.reddit.com/r/soccer/comments/1u88gb2/ronaldo_naz%C3%A1rio_its_time_for_the_world_to_stop/?sort=top
hot_take,"R9 is considered the GOAT by many, and his GOAT is Messi.

Conversation over.",https://www.reddit.com/r/soccer/comments/1u88gb2/ronaldo_naz%C3%A1rio_its_time_for_the_world_to_stop/?sort=top
reaction,He's the most insecure rich/famous person I’ve ever seen.,https://www.reddit.com/r/soccer/comments/1onggjs/cristiano_ronaldo_is_messi_better_than_me_i_dont/?sort=top
hot_take,"There is absolutely nothing wrong with not publicly admitting you are inferior to your biggest rival, even if it makes you look wrong and insecure. Most top athlete got to where they are by having a big ego.",https://www.reddit.com/r/soccer/comments/1onggjs/cristiano_ronaldo_is_messi_better_than_me_i_dont/?sort=top
hot_take,"They are both footballers. I do not have a dog in this fight, I find the whole thing cringe, but Messi is undeniably a better football player.",https://www.reddit.com/r/soccer/comments/1onggjs/cristiano_ronaldo_is_messi_better_than_me_i_dont/?sort=top
hot_take,"I've always just thought messi is the better pure footballer, Ronaldo is the more impressive athlete. Why does it need to go deeper than that. Man we got so spoilt watching these two at their primes going head to head.",https://www.reddit.com/r/soccer/comments/1onggjs/cristiano_ronaldo_is_messi_better_than_me_i_dont/?sort=top
hot_take,"Cristiano is the only alive human with the right to think and say he's better than Messi. But it is an apples-to-apples comparison, and Messi is just better.",https://www.reddit.com/r/soccer/comments/1onggjs/cristiano_ronaldo_is_messi_better_than_me_i_dont/?sort=top
reaction,It's still delusion.,https://www.reddit.com/r/soccer/comments/1onggjs/cristiano_ronaldo_is_messi_better_than_me_i_dont/?sort=top
hot_take,"Yea its fine that he thinks he's better than Messi, if you're a top 5 player of all time you're right to have a massive ego, even if that makes you a tiny bit delusional.

Now, people who arent him thinking he's better than Messi have no fucking clue.",https://www.reddit.com/r/soccer/comments/1onggjs/cristiano_ronaldo_is_messi_better_than_me_i_dont/?sort=top
hot_take,"Bias aside, Messi is far far better. It was never close if you actually watched them. I am not even hating or disrespecting but it shouldn’t have need a WC win to settle it.",https://www.reddit.com/r/soccer/comments/1onggjs/cristiano_ronaldo_is_messi_better_than_me_i_dont/?sort=top
hot_take,"Yeah it's a bit of a ridiculous argument, they're both incredible players with their own distinct style and strengths. They are incomparable in many ways and, in any case, Messi is clearly better ...",https://www.reddit.com/r/soccer/comments/1onggjs/cristiano_ronaldo_is_messi_better_than_me_i_dont/?sort=top
hot_take,"Of all the arguments I see repeated over and over this is the one I hate the most, we’re not comparing two completely different things, we’re comparing two forward football players, are there differences? Yes of course, but you can absolutely compare them, and Messi is better in everything.",https://www.reddit.com/r/soccer/comments/1onggjs/cristiano_ronaldo_is_messi_better_than_me_i_dont/?sort=top
hot_take,"But Messi is better though, carry on.",https://www.reddit.com/r/soccer/comments/1onggjs/cristiano_ronaldo_is_messi_better_than_me_i_dont/?sort=top
hot_take,"Who really cares? For me Messi is also by far better but its totally fine for CR7 to think otherwise. Thats his character and his motivation. Its also not like hes just doing these statements out ouf the wild, reporters keep asking the question and CR7 stays with his opinion.",https://www.reddit.com/r/soccer/comments/1onggjs/cristiano_ronaldo_is_messi_better_than_me_i_dont/?sort=top
hot_take,"This isn't news. He's said a thousand times he believes he's the best, and he will continue to say so.

I mean, it's a valid claim, not that I agree, but he's definitely the choice of many.",https://www.reddit.com/r/soccer/comments/1onggjs/cristiano_ronaldo_is_messi_better_than_me_i_dont/?sort=top
hot_take,"I think to be a professional athlete in any sport you have to have some type of ego. The fame, money, and grind it takes to get there surely requires a certain type of person. A good reminder is the brian scalabrine quote “im closer to lebron than you are to me”.",https://www.reddit.com/r/soccer/comments/1onggjs/cristiano_ronaldo_is_messi_better_than_me_i_dont/?sort=top
hot_take,I dont think it takes ego to be great - plenty of great footballers who did just fine without having a massive ego. Also plenty of those who are ego maniacs. I dont think it really connects either way.,https://www.reddit.com/r/soccer/comments/1onggjs/cristiano_ronaldo_is_messi_better_than_me_i_dont/?sort=top
hot_take,Ronaldo wouldn’t have gotten as far as he has if he didn’t think he was the best,https://www.reddit.com/r/soccer/comments/1onggjs/cristiano_ronaldo_is_messi_better_than_me_i_dont/?sort=top
hot_take,"yeah, it would actually be ridiculous if a player with his records would now come out and say ""Messi? Nah no chance, I am just not up there on that level""",https://www.reddit.com/r/soccer/comments/1onggjs/cristiano_ronaldo_is_messi_better_than_me_i_dont/?sort=top
hot_take,"Footballers who think Ronaldo is better: Ronaldo himself and some of which he played with
Footballer who think Messi is better: Pretty much everyone else",https://www.reddit.com/r/soccer/comments/1onggjs/cristiano_ronaldo_is_messi_better_than_me_i_dont/?sort=top
hot_take,Mbappe literally called Messi the best in history but his idol is Ronaldo,https://www.reddit.com/r/soccer/comments/1onggjs/cristiano_ronaldo_is_messi_better_than_me_i_dont/?sort=top
hot_take,"Of course Cristiano will think that.

It's not like this is some random pro footballer making that claim.",https://www.reddit.com/r/soccer/comments/1onggjs/cristiano_ronaldo_is_messi_better_than_me_i_dont/?sort=top
hot_take,"The only people that say that are those who don't really watch football, maybe tune in for a final every now and then and mostly just watch highlights or clips. OR people who just think he's hot.

Literally every person I've met in real life who claims Ronaldo is better is one of the above.",https://www.reddit.com/r/soccer/comments/1onggjs/cristiano_ronaldo_is_messi_better_than_me_i_dont/?sort=top
hot_take,"If he didn’t believe he was the greatest ever, he would be sitting on his couch like you and me, commenting on reddit instead. Why is it so hard to understand that one of the greatest ever thinks he is better than another player. If he had that weak mentality he wouldn’t be half the player he was.",https://www.reddit.com/r/soccer/comments/1onggjs/cristiano_ronaldo_is_messi_better_than_me_i_dont/?sort=top
hot_take,Messi is the best but never anoints himself so,https://www.reddit.com/r/soccer/comments/1onggjs/cristiano_ronaldo_is_messi_better_than_me_i_dont/?sort=top
hot_take,You don't need to agree or humble messi is definitely better than you,https://www.reddit.com/r/soccer/comments/1onggjs/cristiano_ronaldo_is_messi_better_than_me_i_dont/?sort=top
hot_take,"Two great players, but I think Messi is the best I've watched play football.",https://www.reddit.com/r/soccer/comments/1onggjs/cristiano_ronaldo_is_messi_better_than_me_i_dont/?sort=top
hot_take,You and anyone who has a basic understanding of how football is played lol,https://www.reddit.com/r/soccer/comments/1onggjs/cristiano_ronaldo_is_messi_better_than_me_i_dont/?sort=top
reaction,"True lmao, we all know this is a Messi circlejerk subreddit. Any positivity towards cr7 is treated with personal insults and downvotes",https://www.reddit.com/r/soccer/comments/1onggjs/cristiano_ronaldo_is_messi_better_than_me_i_dont/?sort=top
hot_take,"The most famous footballer in the world just talked about the most talked about sport debate and called himself the best, but for some reason you guys get mad when people give their opinion and disagree. Sorry that we dont agree with his delusion",https://www.reddit.com/r/soccer/comments/1onggjs/cristiano_ronaldo_is_messi_better_than_me_i_dont/?sort=top
hot_take,History will not be kind to this deluded clown,https://www.reddit.com/r/soccer/comments/1onggjs/cristiano_ronaldo_is_messi_better_than_me_i_dont/?sort=top
hot_take,"I think Ronaldo’s legendary enough, and the gap between the 2 is close enough, that it is more than reasonable for him to back himself. Just my opinion.",https://www.reddit.com/r/soccer/comments/1onggjs/cristiano_ronaldo_is_messi_better_than_me_i_dont/?sort=top
hot_take,"I just wonder what reasoning he uses to cope at this point ? Messi has eclipsed him in every way in the stats department. In pretty much in the trophy department, and he was always light years ahead in the eye test department. So is he just lying to us ? I think he is, I don’t he truly believes this.",https://www.reddit.com/r/soccer/comments/1onggjs/cristiano_ronaldo_is_messi_better_than_me_i_dont/?sort=top
hot_take,He is not better than Messi and all including Ronaldo know this.,https://www.reddit.com/r/soccer/comments/1onggjs/cristiano_ronaldo_is_messi_better_than_me_i_dont/?sort=top
reaction,Is Cristiano even the best Ronaldo?,https://www.reddit.com/r/soccer/comments/1onggjs/cristiano_ronaldo_is_messi_better_than_me_i_dont/?sort=top
hot_take,"I think Messi is the GOAT but if Ronaldo wants to think he’s the best, it’s a valid opinion. I don’t mind it at all. You have to have that absolute confidence in yourself to get to that level anyways.",https://www.reddit.com/r/soccer/comments/1onggjs/cristiano_ronaldo_is_messi_better_than_me_i_dont/?sort=top
hot_take,Messi doesn't need to do interviews every 6 months saying he's the best player of all time though,https://www.reddit.com/r/soccer/comments/1onggjs/cristiano_ronaldo_is_messi_better_than_me_i_dont/?sort=top
hot_take,"Cold take but if I worked my ass off the way the Ronaldo has, I’d have my face firmly stuffed up my crapper too

Messi is still the goat tho",https://www.reddit.com/r/soccer/comments/1onggjs/cristiano_ronaldo_is_messi_better_than_me_i_dont/?sort=top
hot_take,He can say whatever he wants but Messi is the GOAT. I have nothing against CR7 but there is simply no comparison.,https://www.reddit.com/r/soccer/comments/1onggjs/cristiano_ronaldo_is_messi_better_than_me_i_dont/?sort=top
hot_take,"Nobody trained as hard as cr7. But nobody can train so hard, he becomes messi.",https://www.reddit.com/r/soccer/comments/1onggjs/cristiano_ronaldo_is_messi_better_than_me_i_dont/?sort=top
hot_take,The debate over the GOAT has existed long before Messi and C.Ronaldo.,https://www.reddit.com/r/football/comments/zlmyuc/its_done_the_goat_debate_is_over_messi_is_the/?sort=top
hot_take,"Yeah it was forced debate, by Nike and Real Madrid. They were compelled to create this debate out of marketing demands. No way, Nike, arguable the biggest sports product company, could let Adidas bag the greatest player of this generation. No way Real Madrid, arguably the greatest club in football, let their arch rivals boast about grooming the greatest player. They needed someone with a different personality-arrogant, confident, and better than most.
Ronaldo had it, Nike and Madrid funded the PR with everything they've got. The debate was good business. But we all know the truth ☺️",https://www.reddit.com/r/football/comments/zlmyuc/its_done_the_goat_debate_is_over_messi_is_the/?sort=top
hot_take,"Honestly, just say that Messi proved why he is considered one of the best of all time, not the very best.",https://www.reddit.com/r/football/comments/zlmyuc/its_done_the_goat_debate_is_over_messi_is_the/?sort=top
hot_take,He's been the GOAT since 2013. The 2 greatest seasons of football in a row.,https://www.reddit.com/r/football/comments/zlmyuc/its_done_the_goat_debate_is_over_messi_is_the/?sort=top
hot_take,One tournament performance from a 35-year-old and a 37-year-old respectively should not sway anyone other than the fickle or the clueless.,https://www.reddit.com/r/football/comments/zlmyuc/its_done_the_goat_debate_is_over_messi_is_the/?sort=top
hot_take,Yes,https://www.reddit.com/r/football/comments/zlmyuc/its_done_the_goat_debate_is_over_messi_is_the/?sort=top
hot_take,"Undisputed and off all time, not sure, go to YouTube and watch Maradona and Pele, just to name two, he might be the one that sold more t-shirts though",https://www.reddit.com/r/football/comments/zlmyuc/its_done_the_goat_debate_is_over_messi_is_the/?sort=top
hot_take,"Ronaldo is more closer to haaland level than he is to Messi , this was forced debate created by Perez/media to make football more interesting to watch, but the sad truth is that CR7 was never a goat level player that’s why he’s never been able to break any goal or assist record in 38 game season and never scored in any finals for Portugal",https://www.reddit.com/r/football/comments/1bs79a6/how_does_messi_winning_the_world_cup_make_him_the/?sort=top
hot_take,Messi is clear of Ronaldo as a player,https://www.reddit.com/r/football/comments/161r51b/unpopular_opinion_messi_had_the_better/?sort=top
hot_take,There's an objective reason this an unpopular opinion.,https://www.reddit.com/r/football/comments/161r51b/unpopular_opinion_messi_had_the_better/?sort=top
hot_take,In what world cr7 is better player than messi,https://www.reddit.com/r/football/comments/161r51b/unpopular_opinion_messi_had_the_better/?sort=top
hot_take,Because Messi played his whole career in a joke league.,https://www.reddit.com/r/football/comments/161r51b/unpopular_opinion_messi_had_the_better/?sort=top
hot_take,You’re really missing the point of these comments. Everyone who brought up R9 is saying he was better than CR7,https://www.reddit.com/r/football/comments/161r51b/unpopular_opinion_messi_had_the_better/?sort=top
hot_take,5 ucls.,https://www.reddit.com/r/football/comments/161r51b/unpopular_opinion_messi_had_the_better/?sort=top
hot_take,2 ucls* and ballon d ors and world cup obviously rigged. you have to be really dumb to not see that. when you look at the achievements its apparent that messi would have been the goat if he did not have the most controversial career of all footballers.and its ok if you don't think cr7 is the goat. but the world cup was rigged.,https://www.reddit.com/r/football/comments/161r51b/unpopular_opinion_messi_had_the_better/?sort=top
hot_take,"So what you are saying is, in terms of measurable impact (accolades), Messi is clear, and in terms of imaginary impact (the term with no apparent meaning), Ronaldo is clear of Messi?",https://www.reddit.com/r/football/comments/161r51b/unpopular_opinion_messi_had_the_better/?sort=top
hot_take,"Unless it's R9 in his prime, you are just wrong. It's not even an opinion, just wrong. And even R9 in his prime is a very debatable point.",https://www.reddit.com/r/football/comments/161r51b/unpopular_opinion_messi_had_the_better/?sort=top
hot_take,R9 is my favorite player of all time. But there's no way I'd put him on the same level with Messi and Cristiano at any point of his career.,https://www.reddit.com/r/football/comments/161r51b/unpopular_opinion_messi_had_the_better/?sort=top
hot_take,"Cristiano is far above R9, it's pure circlejerking to pretend otherwise.",https://www.reddit.com/r/football/comments/161r51b/unpopular_opinion_messi_had_the_better/?sort=top
hot_take,You completely missed his point. He’s saying it’s laughable to think CR7 is on Messi’s level,https://www.reddit.com/r/football/comments/161r51b/unpopular_opinion_messi_had_the_better/?sort=top
hot_take,"When it comes to football Lionel Messi has no competitor. There is a popular saying in football: ""Winner celebrates, loser explains""",https://www.reddit.com/r/football/comments/161r51b/unpopular_opinion_messi_had_the_better/?sort=top
hot_take,Explain Messi having less goals scored then you 'winner',https://www.reddit.com/r/football/comments/161r51b/unpopular_opinion_messi_had_the_better/?sort=top
hot_take,"I disagree; but I think it's a fair opinion. Cristiano was just as impactful in his prime and his physical advantage, as well as adaptability could be argued over Messi.

Again, I'd have Messi over Ronaldo as a player as well, I just don't agree the difference was as big as people suggest nowadays.",https://www.reddit.com/r/football/comments/161r51b/unpopular_opinion_messi_had_the_better/?sort=top
hot_take,"it's truly not close between them, in any way apart from finishing, where Messi is still superior in every way apart from heading. Despite this objective truth, I respect your opinion.",https://www.reddit.com/r/football/comments/161r51b/unpopular_opinion_messi_had_the_better/?sort=top
hot_take,It's obvious it's Ronaldo and Messi the  second or third best player. Fifa favored Messi. If you think otherwise then go suck a big fat ass cock that's in Russia,https://www.reddit.com/r/football/comments/161r51b/unpopular_opinion_messi_had_the_better/?sort=top
hot_take,"I think even in CR fandom you would get ~50% or more people saying Messi is the best. Like you said, Messi being the GOAT is probably out there as coldest takes in football.",https://www.reddit.com/r/soccer/comments/1u88gb2/ronaldo_naz%C3%A1rio_its_time_for_the_world_to_stop/?sort=top
hot_take,It's not between Messi and CR7. Is between Messi and Pele/Maradona,https://www.reddit.com/r/soccer/comments/1u88gb2/ronaldo_naz%C3%A1rio_its_time_for_the_world_to_stop/?sort=top
hot_take,Whole world already accepted the truth. only some bunch are coping with denial stage.,https://www.reddit.com/r/soccer/comments/1u88gb2/ronaldo_naz%C3%A1rio_its_time_for_the_world_to_stop/?sort=top
hot_take,"It's been at least a decade since everyone except portoguese people, man united and real madrid fans knew. The rest of us knew.",https://www.reddit.com/r/soccer/comments/1u88gb2/ronaldo_naz%C3%A1rio_its_time_for_the_world_to_stop/?sort=top
hot_take,I’ve been a United fan since 1999 and I always thought that Messi is the best ever. I think Ronaldo is up there but watching Messi play is indescribable.,https://www.reddit.com/r/soccer/comments/1u88gb2/ronaldo_naz%C3%A1rio_its_time_for_the_world_to_stop/?sort=top
hot_take,I'm one of the few United fans who don't really dislike Ronaldo (not the greatest fan either) but just know that Messi is the greatest and has been for a while.,https://www.reddit.com/r/soccer/comments/1u88gb2/ronaldo_naz%C3%A1rio_its_time_for_the_world_to_stop/?sort=top
reaction,ah shit here we go again,https://www.reddit.com/r/soccer/comments/1onggjs/cristiano_ronaldo_is_messi_better_than_me_i_dont/?sort=top
reaction,This thread is going to be so exciting and novel. Never heard these arguments or slander before.,https://www.reddit.com/r/soccer/comments/1onggjs/cristiano_ronaldo_is_messi_better_than_me_i_dont/?sort=top
reaction,"Yup, another Piers Morgan interview with Ronaldo LOL It's a goldmine for press and social media",https://www.reddit.com/r/soccer/comments/1onggjs/cristiano_ronaldo_is_messi_better_than_me_i_dont/?sort=top
reaction,"""Messi is a great player, and I have loved watching him play and competing against him over the years"".",https://www.reddit.com/r/soccer/comments/1onggjs/cristiano_ronaldo_is_messi_better_than_me_i_dont/?sort=top
reaction,Prepare to see like 10 different threads off of one interview,https://www.reddit.com/r/soccer/comments/1onggjs/cristiano_ronaldo_is_messi_better_than_me_i_dont/?sort=top
reaction,He has said this every time he has been asked this question throughout his career. More news at 11,https://www.reddit.com/r/soccer/comments/1onggjs/cristiano_ronaldo_is_messi_better_than_me_i_dont/?sort=top
reaction,True. Id say we’re lucky that we got to see these two cunts stat-fuck each other for a decade.,https://www.reddit.com/r/soccer/comments/1onggjs/cristiano_ronaldo_is_messi_better_than_me_i_dont/?sort=top
reaction,Cristiano was more frustrated than the French after the WC final,https://www.reddit.com/r/soccer/comments/1onggjs/cristiano_ronaldo_is_messi_better_than_me_i_dont/?sort=top
reaction,Man I would love to see his reaction.I want to see his reaction when mbappe scored the equalizer.Bro would have been jumping around like a kid hitting SUUIII,https://www.reddit.com/r/soccer/comments/1onggjs/cristiano_ronaldo_is_messi_better_than_me_i_dont/?sort=top
reaction,Man 100% fell to his knees when Dibu stopped kolo muani 1v1,https://www.reddit.com/r/soccer/comments/1onggjs/cristiano_ronaldo_is_messi_better_than_me_i_dont/?sort=top
reaction,Lmaoooo. I feel more for his wife tbh. Firmly believe she wasn’t celebrating when her home country just won the WC.,https://www.reddit.com/r/soccer/comments/1onggjs/cristiano_ronaldo_is_messi_better_than_me_i_dont/?sort=top
reaction,imagine if Messi does it again next year,https://www.reddit.com/r/soccer/comments/1onggjs/cristiano_ronaldo_is_messi_better_than_me_i_dont/?sort=top
reaction,I would love to have been a fly on the wall in the ronaldo household when montiel scored that penalty,https://www.reddit.com/r/soccer/comments/1onggjs/cristiano_ronaldo_is_messi_better_than_me_i_dont/?sort=top
reaction,Messi is to Cr Ronaldo what Goku is to Vegeta.,https://www.reddit.com/r/soccer/comments/1onggjs/cristiano_ronaldo_is_messi_better_than_me_i_dont/?sort=top
reaction,"My neighbours kid tells me Ronaldo is better, 'cause apparently Messi has ""a dead trim"".",https://www.reddit.com/r/soccer/comments/1onggjs/cristiano_ronaldo_is_messi_better_than_me_i_dont/?sort=top
reaction,as a Ronny fan that’s hilarious logic,https://www.reddit.com/r/soccer/comments/1onggjs/cristiano_ronaldo_is_messi_better_than_me_i_dont/?sort=top
reaction,pulls out the trump card that is RM fan & player mbappe,https://www.reddit.com/r/soccer/comments/1onggjs/cristiano_ronaldo_is_messi_better_than_me_i_dont/?sort=top
reaction,yea who could’ve thought someone who twerked for years for Real Madrid prefers Ronaldo,https://www.reddit.com/r/soccer/comments/1onggjs/cristiano_ronaldo_is_messi_better_than_me_i_dont/?sort=top
reaction,"This whole thing is like ""Xbox vs PlayStation"" atp. Like yeah it used to be cool to be like ""my idol better than yours"" in high school or something but it isn't that deep anymore.",https://www.reddit.com/r/soccer/comments/1onggjs/cristiano_ronaldo_is_messi_better_than_me_i_dont/?sort=top
reaction,But even in that there is now an undisputed winner - Playstation.,https://www.reddit.com/r/soccer/comments/1onggjs/cristiano_ronaldo_is_messi_better_than_me_i_dont/?sort=top
reaction,messi/ronaldo is more like nintendo and playstation. xbox is pulisic.,https://www.reddit.com/r/soccer/comments/1onggjs/cristiano_ronaldo_is_messi_better_than_me_i_dont/?sort=top
reaction,"No.

Did Neymar at his peak think he was better than Messi?",https://www.reddit.com/r/soccer/comments/1onggjs/cristiano_ronaldo_is_messi_better_than_me_i_dont/?sort=top
reaction,"Very surprising take from Ronaldo, wouldn’t have expected this at all",https://www.reddit.com/r/soccer/comments/1onggjs/cristiano_ronaldo_is_messi_better_than_me_i_dont/?sort=top
reaction,This conversation in 2025️️,https://www.reddit.com/r/soccer/comments/1onggjs/cristiano_ronaldo_is_messi_better_than_me_i_dont/?sort=top
reaction,Look man it makes me feel younger so I gladly welcome it lmao,https://www.reddit.com/r/soccer/comments/1onggjs/cristiano_ronaldo_is_messi_better_than_me_i_dont/?sort=top
reaction,"Honestly at this point who cares, both greats. Let’s leave it at that.",https://www.reddit.com/r/soccer/comments/1onggjs/cristiano_ronaldo_is_messi_better_than_me_i_dont/?sort=top
reaction,The only loser in this debate is the one debating.,https://www.reddit.com/r/soccer/comments/1onggjs/cristiano_ronaldo_is_messi_better_than_me_i_dont/?sort=top
reaction,The GOAT is Antony anyway. This debate is for schmucks.,https://www.reddit.com/r/soccer/comments/1onggjs/cristiano_ronaldo_is_messi_better_than_me_i_dont/?sort=top
reaction,ego has its own locker,https://www.reddit.com/r/soccer/comments/1onggjs/cristiano_ronaldo_is_messi_better_than_me_i_dont/?sort=top
reaction,Is he meant to say Messi is better?,https://www.reddit.com/r/soccer/comments/1onggjs/cristiano_ronaldo_is_messi_better_than_me_i_dont/?sort=top
reaction,"Bruh, how many times must we have this dance.",https://www.reddit.com/r/soccer/comments/1onggjs/cristiano_ronaldo_is_messi_better_than_me_i_dont/?sort=top
reaction,"It’s the last dance, every year lmao.",https://www.reddit.com/r/soccer/comments/1onggjs/cristiano_ronaldo_is_messi_better_than_me_i_dont/?sort=top
reaction,"It's fine Ronaldo, I don't have to agree as well, pal.",https://www.reddit.com/r/soccer/comments/1onggjs/cristiano_ronaldo_is_messi_better_than_me_i_dont/?sort=top
reaction,He was never interested your opinion to begin with bro,https://www.reddit.com/r/soccer/comments/1onggjs/cristiano_ronaldo_is_messi_better_than_me_i_dont/?sort=top
reaction,I watched the Messi’s interview with Fabrizio the other day. There couldn’t be any more of a contrast between these two.,https://www.reddit.com/r/soccer/comments/1onggjs/cristiano_ronaldo_is_messi_better_than_me_i_dont/?sort=top
reaction,Messi v Ronaldo in 2025? game is so back,https://www.reddit.com/r/soccer/comments/1onggjs/cristiano_ronaldo_is_messi_better_than_me_i_dont/?sort=top
reaction,"Ronaldo will be on his deathbed and live into his 100s, while refusing to go before Messi. With his last breath, a weak siiuuuu escapes his lips.",https://www.reddit.com/r/soccer/comments/1onggjs/cristiano_ronaldo_is_messi_better_than_me_i_dont/?sort=top
reaction,Can you imagine all the verbal diarrhea if Portugal wins the World Cup next year?!,https://www.reddit.com/r/soccer/comments/1onggjs/cristiano_ronaldo_is_messi_better_than_me_i_dont/?sort=top
reaction,"It’s almost 2026, let it go grandpa",https://www.reddit.com/r/soccer/comments/1onggjs/cristiano_ronaldo_is_messi_better_than_me_i_dont/?sort=top
reaction,"It's 2025 and these guys play in retirement leagues, who gives a fuck??",https://www.reddit.com/r/soccer/comments/1onggjs/cristiano_ronaldo_is_messi_better_than_me_i_dont/?sort=top
reaction,He's going to really have a tough time when he retires and he's not in the same spotlight.,https://www.reddit.com/r/soccer/comments/1onggjs/cristiano_ronaldo_is_messi_better_than_me_i_dont/?sort=top
reaction,Nobody's ever accused him of being humble.,https://www.reddit.com/r/soccer/comments/1onggjs/cristiano_ronaldo_is_messi_better_than_me_i_dont/?sort=top
reaction,"Cristiano Ronaldo: “This woman doesn't want to have sex with me? I don’t agree with that opinion. I don't want to be humble.""",https://www.reddit.com/r/soccer/comments/1onggjs/cristiano_ronaldo_is_messi_better_than_me_i_dont/?sort=top
reaction,Delusional level 100,https://www.reddit.com/r/soccer/comments/1onggjs/cristiano_ronaldo_is_messi_better_than_me_i_dont/?sort=top
reaction,"""I don't want to be humble"" as he ever was humble.",https://www.reddit.com/r/soccer/comments/1onggjs/cristiano_ronaldo_is_messi_better_than_me_i_dont/?sort=top
reaction,"CR7 vs Messi debates in big 2025

We’re still stuck in 2015",https://www.reddit.com/r/soccer/comments/1onggjs/cristiano_ronaldo_is_messi_better_than_me_i_dont/?sort=top
reaction,There there grampa… Here are your pills and water,https://www.reddit.com/r/soccer/comments/1onggjs/cristiano_ronaldo_is_messi_better_than_me_i_dont/?sort=top
reaction,Sincerely: someone sick of Messi and Ronaldo fans’ bullshit and just wants it all to end,https://www.reddit.com/r/football/comments/1bs79a6/how_does_messi_winning_the_world_cup_make_him_the/?sort=top
reaction,Can we just ban Messi vs. Ronaldo posts? So so so so so tedious and overdone,https://www.reddit.com/r/football/comments/161r51b/unpopular_opinion_messi_had_the_better/?sort=top
reaction,"No one is really having the debate though, are they?

It's not really a debate anymore.",https://www.redcafe.net/threads/messi-vs-ronaldo-2011-2012.337782/page-2
hot_take,"When I see Cristiano Ronaldo scoring hattrick for Real my first though it ""he's machine, unstoppable"", but when Messi does something first thing that crosses my mind is ""he can't be human, no way"". Think that's main difference between those two, I'll always see Cristiano Ronaldo as a player superior to the rest, someone who scores for fun and is great athlete, while when it comes to Messi I'm lost for words in describing his presence on the pitch. As good as Cristiano is he's nowhere near Messi class, boy has God given x factor, that extra something which makes him different and better to the rest of the footballing world.",https://www.redcafe.net/threads/messi-vs-ronaldo-2011-2012.337782/page-2
hot_take,"Ronaldo would be comfortably the best player of his generation if Messi didn't exist. Messi is far and away the best player of his generation and possibly any generation, and to even THINK of denying that now would be farcical.",https://www.redcafe.net/threads/messi-vs-ronaldo-2011-2012.337782/page-2
analysis,"Has Ronaldo ever performed against Barcelona? For us, or for Real? I mean i know he scored that goal in the copa, but apart from that. I can't think of one stand out performance. Put it this way, when your club pays 80 mil for you, twice the amount of zidane, they should expect the kind of performances against your closest rivals that Messi puts in.",https://www.redcafe.net/threads/messi-vs-ronaldo-2011-2012.337782/page-2
hot_take,"There is something wrong from a psychological POV with Ronaldo when he faces Barcelona. He's good enough to perform a lot better against them, he just can't do it.",https://www.redcafe.net/threads/messi-vs-ronaldo-2011-2012.337782/page-2
reaction,One just won the World Cup. The other is on the dole.,https://www.redcafe.net/threads/the-comprehensive-ronaldo-thread.474165/page-45
reaction,"Somewhere on an island in the Maldives, Ronaldo is self immolating.",https://www.redcafe.net/threads/the-comprehensive-ronaldo-thread.474165/page-45
hot_take,I'm so glad I checked out of this messi vs ronaldo nonsense a decade ago. Messi is better. It was always pure torture trying to deny it.,https://www.redcafe.net/threads/the-comprehensive-ronaldo-thread.474165/page-45
reaction,It'll be nice to see the back of the insufferable Messi vs Ronaldo fanboy drama,https://www.redcafe.net/threads/is-this-finally-the-end-of-the-messi-ronaldo-era.469311/
analysis,"If you look at the statistics then Messi is ahead of Ronaldo in every single category over their career. He is marginally ahead in goals, despite playing much deeper. When he did briefly play as a central striker, he set records that will probably never be beaten, and that certainly haven't been matched by Ronaldo.",https://www.redcafe.net/threads/messi-v-ronaldo-contains-double-your-daily-salt-allowance.400526/page-249
analysis,"Ronaldo's goals and all round performances in the CL knockout stages of the last 3 years were far superior to Messi's. That said though I like both and I think both tend to get underrated and overrated by those who like one too much. Must say it is impressive that Messi kept up his level at 31, a lot of attacking players start to decline past 30 especially in dribbling.",https://www.redcafe.net/threads/lionel-messi.441551/
reaction,"Would be quite happy if he's never seen in public again. It would be the perfect end. Messi wins the world cup, and Ronaldo was last seen crying and storming off.",https://www.redcafe.net/threads/the-comprehensive-ronaldo-thread.474165/page-45
